{
    "HP": 80.0,
    "positionX": 120.96064758300781,
    "positionY": -7.202507019042969,
    "dmg": 20,
    "speed": 10.0,
    "deshPower": 75.0,
    "attacRange": 2.0
}