{
    "HP": 80.0,
    "positionX": 273.2890625,
    "positionY": -108.13999938964844,
    "dmg": 20,
    "speed": 20.0,
    "deshPower": 75.0,
    "attacRange": 5.0
}